name,purpose,quantity,unitCostUsd,vendor,link
Waveshare RP2040-Zero,Dual ARM Cortex-M0+ 133MHz main MCU board,1,4.20,Robu.in,https://robu.in/product/waveshare-rp2040-zero-mini-development-board/
0.96 inch SSD1306 OLED Display,128x64 I2C monochrome graphics display for virtual pet and UI,1,2.20,Robu.in,https://robu.in/product/0-96-inch-blue-oled-display-module/
3.7V 400mAh LiPo Battery,Rechargeable lithium polymer battery with protection circuit,1,3.00,Robu.in,https://robu.in/product/3-7v-400mah-lipo-battery/
TP4056 USB-C Li-ion Charger Module,Battery charging and 5V USB-C power management,1,0.50,Robu.in,https://robu.in/product/tp4056-type-c-usb-5v-1a-18650-lithium-battery-charger-module/
Tactile Push Buttons (6x6x5mm 5-pack),Left Action and Right input controls,1,0.40,Robu.in,https://robu.in/product/6x6x5mm-tactile-push-button-switch/
Mini SPDT Slide Switch,Hardware ON/OFF power switch,1,0.20,Robu.in,https://robu.in/product/mini-spdt-slide-switch-on-on/
Passive Piezo Buzzer 3V-5V,Audio tones click feedback and game melodies,1,0.30,Robu.in,https://robu.in/product/passive-piezo-buzzer/
Double-Sided FR4 Perfboard (4x6 cm),Prototyping board for wiring circuit and mounting headers,1,0.70,Robu.in,https://robu.in/product/4x6-cm-double-sided-universal-perfboard/
30 AWG Silicone Jumper Wire Spool,Point-to-point interconnects and power routing,1,1.20,Robu.in,https://robu.in/product/30-awg-flexible-silicone-wire-spool/
Pocket Metal Tin Enclosure,Protective handheld housing for Pocket Companion,1,1.80,Amazon,https://amazon.in/dp/B08XYZ1234